8,64,treeAggregate
12,64,treeAggregate
16,64,treeAggregate
20,64,treeAggregate
24,64,treeAggregate
28,64,treeAggregate
32,64,treeAggregate
36,64,treeAggregate
40,64,treeAggregate
44,64,treeAggregate
48,64,treeAggregate
52,64,treeAggregate
56,64,treeAggregate
60,64,treeAggregate
64,64,treeAggregate
68,64,treeAggregate
72,64,treeAggregate
76,64,treeAggregate
80,64,treeAggregate
84,64,treeAggregate
88,64,treeAggregate
92,64,treeAggregate
96,64,treeAggregate
100,64,treeAggregate
104,64,treeAggregate
108,64,treeAggregate
112,64,treeAggregate
116,64,treeAggregate
120,64,treeAggregate
124,64,treeAggregate
128,64,treeAggregate
132,64,treeAggregate
136,64,treeAggregate
140,64,treeAggregate
144,64,treeAggregate
148,64,treeAggregate
152,64,treeAggregate
156,64,treeAggregate
160,64,treeAggregate
164,64,treeAggregate
168,64,treeAggregate
172,64,treeAggregate
176,64,treeAggregate
180,64,treeAggregate
184,64,treeAggregate
188,64,treeAggregate
192,64,treeAggregate
196,64,treeAggregate
200,64,treeAggregate
204,64,treeAggregate
208,64,treeAggregate
212,64,treeAggregate
216,64,treeAggregate
220,64,treeAggregate
224,64,treeAggregate
228,64,treeAggregate
232,64,treeAggregate
236,64,treeAggregate
240,64,treeAggregate
244,64,treeAggregate
248,64,treeAggregate
252,64,treeAggregate
256,64,treeAggregate
260,64,treeAggregate
264,64,treeAggregate
268,64,treeAggregate
272,64,treeAggregate
276,64,treeAggregate
280,64,treeAggregate
284,64,treeAggregate
288,64,treeAggregate
292,64,treeAggregate
296,64,treeAggregate
300,64,treeAggregate
304,64,treeAggregate
308,64,treeAggregate
312,64,treeAggregate
316,64,treeAggregate
320,64,treeAggregate
324,64,treeAggregate
328,64,treeAggregate
332,64,treeAggregate
336,64,treeAggregate
340,64,treeAggregate
344,64,treeAggregate
348,64,treeAggregate
352,64,treeAggregate
356,64,treeAggregate
360,64,treeAggregate
364,64,treeAggregate
368,64,treeAggregate
372,64,treeAggregate
376,64,treeAggregate
380,64,treeAggregate
384,64,treeAggregate
388,64,treeAggregate
392,64,treeAggregate
396,64,treeAggregate
400,64,treeAggregate
404,64,treeAggregate
408,64,treeAggregate
412,64,treeAggregate
416,64,treeAggregate
420,64,treeAggregate
424,64,treeAggregate
428,64,treeAggregate
432,64,treeAggregate
436,64,treeAggregate
440,64,treeAggregate
444,64,treeAggregate
448,64,treeAggregate
452,64,treeAggregate
456,64,treeAggregate
460,64,treeAggregate
464,64,treeAggregate
468,64,treeAggregate
472,64,treeAggregate
476,64,treeAggregate
480,64,treeAggregate
484,64,treeAggregate
488,64,treeAggregate
492,64,treeAggregate
496,64,treeAggregate
500,64,treeAggregate
504,64,treeAggregate
508,64,treeAggregate
512,64,treeAggregate
516,64,treeAggregate
520,64,treeAggregate
524,64,treeAggregate
528,64,treeAggregate
532,64,treeAggregate
536,64,treeAggregate
540,64,treeAggregate
544,64,treeAggregate
548,64,treeAggregate
552,64,treeAggregate
556,64,treeAggregate
560,64,treeAggregate
564,64,treeAggregate
568,64,treeAggregate
572,64,treeAggregate
576,64,treeAggregate
580,64,treeAggregate
584,64,treeAggregate
588,64,treeAggregate
592,64,treeAggregate
596,64,treeAggregate
600,64,treeAggregate
604,64,treeAggregate
608,64,treeAggregate
612,64,treeAggregate
616,64,treeAggregate
620,64,treeAggregate
624,64,treeAggregate
628,64,treeAggregate
632,64,treeAggregate
636,64,treeAggregate
640,64,treeAggregate
644,64,treeAggregate
648,64,treeAggregate
652,64,treeAggregate
656,64,treeAggregate
660,64,treeAggregate
664,64,treeAggregate
668,64,treeAggregate
672,64,treeAggregate
676,64,treeAggregate
680,64,treeAggregate
684,64,treeAggregate
688,64,treeAggregate
692,64,treeAggregate
696,64,treeAggregate
700,64,treeAggregate
704,64,treeAggregate
708,64,treeAggregate
712,64,treeAggregate
716,64,treeAggregate
720,64,treeAggregate
724,64,treeAggregate
728,64,treeAggregate
732,64,treeAggregate
736,64,treeAggregate
740,64,treeAggregate
744,64,treeAggregate
748,64,treeAggregate
752,64,treeAggregate
756,64,treeAggregate
760,64,treeAggregate
764,64,treeAggregate
768,64,treeAggregate
772,64,treeAggregate
776,64,treeAggregate
780,64,treeAggregate
784,64,treeAggregate
788,64,treeAggregate
792,64,treeAggregate
796,64,treeAggregate
800,64,treeAggregate
804,64,treeAggregate
808,64,treeAggregate
812,64,treeAggregate
816,64,treeAggregate
820,64,treeAggregate
824,64,treeAggregate
828,64,treeAggregate
832,64,treeAggregate
836,64,treeAggregate
840,64,treeAggregate
844,64,treeAggregate
848,64,treeAggregate
852,64,treeAggregate
856,64,treeAggregate
860,64,treeAggregate
864,64,treeAggregate
868,64,treeAggregate
872,64,treeAggregate
876,64,treeAggregate
880,64,treeAggregate
884,64,treeAggregate
888,64,treeAggregate
892,64,treeAggregate
896,64,treeAggregate
900,64,treeAggregate
904,64,treeAggregate
908,64,treeAggregate
912,64,treeAggregate
916,64,treeAggregate
920,64,treeAggregate
924,64,treeAggregate
928,64,treeAggregate
932,64,treeAggregate
936,64,treeAggregate
940,64,treeAggregate
944,64,treeAggregate
948,64,treeAggregate
952,64,treeAggregate
956,64,treeAggregate
960,64,treeAggregate
964,64,treeAggregate
968,64,treeAggregate
972,64,treeAggregate
976,64,treeAggregate
980,64,treeAggregate
984,64,treeAggregate
988,64,treeAggregate
992,64,treeAggregate
996,64,treeAggregate
1000,64,treeAggregate
1004,64,treeAggregate
1008,64,treeAggregate
1012,64,treeAggregate
1016,64,treeAggregate
1020,64,treeAggregate
1024,64,treeAggregate
1028,64,treeAggregate
1032,64,treeAggregate
1036,64,treeAggregate
1040,64,treeAggregate
1044,64,treeAggregate
1048,64,treeAggregate
1052,64,treeAggregate
1056,64,treeAggregate
1060,64,treeAggregate
1064,64,treeAggregate
1068,64,treeAggregate
1072,64,treeAggregate
1076,64,treeAggregate
1080,64,treeAggregate
1084,64,treeAggregate
1088,64,treeAggregate
1092,64,treeAggregate
1096,64,treeAggregate
1100,64,treeAggregate
1104,64,treeAggregate
1108,64,treeAggregate
1112,64,treeAggregate
1116,64,treeAggregate
1120,64,treeAggregate
1124,64,treeAggregate
1128,64,treeAggregate
1132,64,treeAggregate
1136,64,treeAggregate
1140,64,treeAggregate
1144,64,treeAggregate
1148,64,treeAggregate
1152,64,treeAggregate
1156,64,treeAggregate
1160,64,treeAggregate
1164,64,treeAggregate
1168,64,treeAggregate
1172,64,treeAggregate
1176,64,treeAggregate
1180,64,treeAggregate
1184,64,treeAggregate
1188,64,treeAggregate
1192,64,treeAggregate
1196,64,treeAggregate
1200,64,treeAggregate
1204,64,treeAggregate
